ANP - Agência Nacional do Petroleo, Gás Natural e Biocombustíveis;;;;Data: 05/04/2019;;;;;;;;;;;;;;;;;;;;;;;;;;;;;;;;;;;;;;;;;;
SIGEP Produção - Versão 9.19, build 17 (Oracle 11g);;;;;;;;;;;;;;;;;;;;;;;;;;;;;;;;;;;;;;;;;;;;;;
BMP - Produção de Petróleo, Gás Natural e Água (Poço) por Campo;;;;;;;;;;;;;;;;;;;;;;;;;;;;;;;;;;;;;;;;;;;;;;
;;;;;;;;;;;;;;;;;;;;;;;;;;;;;;;;;;;;;;;;;;;;;;
Estado;Bacia;Nome Poço;;Campo;Operador;Número do Contrato;Período;Óleo (bbl/dia);Condensado (bbl/dia);Petróleo (bbl/dia);Gás Natural (Mm³/dia);;;Volume Gás Royalties (Mm³/dia);Água (bbl/dia);Instalação Destino;Tipo Instalação;Tempo de Produção (hs por mês);Período da Carga;Corrente;Grau API;Fração de Destilados;;;;;;% em Volumes;;;;;;;;;;;;;;;;Densidade GLP Gás;Densidade GLP Líquido;"PCS GP
(kJ/m³)"
;;ANP;Operador;;;;;;;;Associado;Não Associado;Gás Total;;;;;;;;;Leves;;Médios;;Pesados;;Metano;Etano;Propano;Iso-Butano;Butano;Iso-Pentano;n-Pentano;Hexanos;Heptanos;Octanos;Nonanos;Decanos;Undecanos;Oxigênio;Nitrogênio;Gás Carbônico;;;
;;;;;;;;;;;;;;;;;;;;;;Corte;Volume;Corte;Volume;Corte;Volume;;;;;;;;;;;;;;;;;;;
Rio de Janeiro;Campos;3-BRSA-1017D-RJS;3MLL69DRJS;MARLIM LESTE;Petrobras;480000039009703;2019/02;601,8721;0,0000;601,8721;13,6845;0,0000;13,6845;382,70951;715,1350;PETROBRAS 53;UEP;547;2015/07;Marlim Leste;24,7;< 290ºC;32,18%;290ºC a 380ºC;14,20%;> 380ºC;53,62%;71,288;11,049;9,002;1,477;3,105;0,57;0,706;0,311;0,104;0,036;0,036;0;0;0,005;0,879;1,432;2,033381;532,054944;40490,1478
Rio de Janeiro;Santos;3-BRSA-1053-RJS;3RJS699;BÚZIOS;Petrobras;48610012913201000;2019/02;10.772,9395;0,0000;10.772,9395;302,2193;0,0000;302,2193;3.424,61582;8,1467;Petrobras 75 (P-75);UEP;671;2015/07;Búzios;28,4;< 270ºC;31,07%;270ºC a 458ºC;30,08%;> 458ºC;38,85%;48,75;10,676;8,406;1,531;3,382;0,791;1,181;0,759;0,444;0,243;0,302;0,189;0;0;0,292;23,054;2,053421;534,429234;30857,3741
Rio de Janeiro;Santos;3-BRSA-1305A-RJS;3RJS739A;MERO;Petrobras;48610011150201300;2019/02;41.826,1873;0,0000;41.826,1873;2.769,9946;0,0000;2.769,9946;8.289,02001;83,8194;FPSO PIONEIRO DE LIBRA;UEP;672;2017/06;LIBRA;29,1;< 270ºC;32,57%;270ºC a 458ºC;25,51%;> 458ºC;41,92%;42,61;5,896;4,447;0,748;1,527;0,424;0,7;0,582;0,054;0,001;0;0;0;0,026;1,101;41,884;2,035333;532,262698;21882,3812
Rio de Janeiro;Santos;3-BRSA-496-RJS;3RJS646;LULA;Petrobras;486100038862000;2019/02;21.636,0593;0,0000;21.636,0593;1.145,0336;0,0000;1.145,0336;18.149,18447;949,2262;FPSO CIDADE DE ANGRA DOS REIS;UEP;670;2015/07;Lula;31;< 270ºC;35,35%;270ºC a 458ºC;26,38%;> 458ºC;38,27%;71,18878;11,17027;6,90041;1,16554;2,13203;0,4341;0,47354;0,21106;0,06474;0,01789;0,01041;0;0;0;0,70426;5,52697;2,025098;531,062146;38716,2307
São Paulo;Santos;3-BRSA-788-SPS;3SPS69;SAPINHOÁ;Petrobras;486100038842000;2019/02;22.087,6424;0,0000;22.087,6424;1.026,0191;0,0000;1.026,0191;17.180,68348;0,0000;FPSO CIDADE DE ILHA BELA;UEP;647;2018/11;Sapinhoá;30,1;< 270ºC;34,10%;270ºC a 458ºC;27,91%;> 458ºC;37,99%;70,40757;11,4576;9,16978;1,31006;2,28984;0,37572;0,39816;0,07168;0,01421;0,0054;0,0015;0;0;0;1,05059;3,44789;2,000271;528,090035;39620,2435
São Paulo;Santos;3-BRSA-788-SPS;3SPS69;NORDESTE DE SAPINHOÁ;Petrobras;486100038842000;2019/02;60,3223;0,0000;60,3223;2,8021;0,0000;2,8021;46,92079;0,0000;FPSO CIDADE DE ILHA BELA;UEP;647;2018/11;Sapinhoá;30,1;< 270ºC;34,10%;270ºC a 458ºC;27,91%;> 458ºC;37,99%;70,40757;11,4576;9,16978;1,31006;2,28984;0,37572;0,39816;0,07168;0,01421;0,0054;0,0015;0;0;0;1,05059;3,44789;2,000271;528,090035;39620,2435
São Paulo;Santos;3-BRSA-788-SPS;3SPS69;NOROESTE DE SAPINHOA;Petrobras;486100038842000;2019/02;289,9145;0,0000;289,9145;13,4671;0,0000;13,4671;225,50712;0,0000;FPSO CIDADE DE ILHA BELA;UEP;647;2018/11;Sapinhoá;30,1;< 270ºC;34,10%;270ºC a 458ºC;27,91%;> 458ºC;37,99%;70,40757;11,4576;9,16978;1,31006;2,28984;0,37572;0,39816;0,07168;0,01421;0,0054;0,0015;0;0;0;1,05059;3,44789;2,000271;528,090035;39620,2435
São Paulo;Santos;3-BRSA-788-SPS;3SPS69;SUDOESTE DE SAPINHOÁ;Petrobras;486100038842000;2019/02;498,4053;0,0000;498,4053;23,1520;0,0000;23,1520;387,67995;0,0000;FPSO CIDADE DE ILHA BELA;UEP;647;2018/11;Sapinhoá;30,1;< 270ºC;34,10%;270ºC a 458ºC;27,91%;> 458ºC;37,99%;70,40757;11,4576;9,16978;1,31006;2,28984;0,37572;0,39816;0,07168;0,01421;0,0054;0,0015;0;0;0;1,05059;3,44789;2,000271;528,090035;39620,2435
Rio de Janeiro;Santos;3-BRSA-821-RJS;3RJS674;LULA;Petrobras;486100038862000;2019/02;9.705,9049;0,0000;9.705,9049;622,2712;0,0000;622,2712;9.863,21769;718,8875;FPSO CIDADE DE PARATY;UEP;672;2015/07;Lula;31;< 270ºC;35,35%;270ºC a 458ºC;26,38%;> 458ºC;38,27%;71,18878;11,17027;6,90041;1,16554;2,13203;0,4341;0,47354;0,21106;0,06474;0,01789;0,01041;0;0;0;0,70426;5,52697;2,025098;531,062146;38716,2307
Rio de Janeiro;Santos;3-BRSA-830-RJS;3RJS676;LULA;Petrobras;486100038862000;2019/02;10.993,8553;0,0000;10.993,8553;776,8904;0,0000;776,8904;12.313,98609;0,0000;FPSO CIDADE DE MANGARATIBA;UEP;509;2015/07;Lula;31;< 270ºC;35,35%;270ºC a 458ºC;26,38%;> 458ºC;38,27%;71,18878;11,17027;6,90041;1,16554;2,13203;0,4341;0,47354;0,21106;0,06474;0,01789;0,01041;0;0;0;0,70426;5,52697;2,025098;531,062146;38716,2307
Rio de Janeiro;Santos;3-BRSA-839A-RJS;3RJS675A;LULA;Petrobras;486100038862000;2019/02;20.885,5419;0,0000;20.885,5419;892,9468;0,0000;892,9468;14.153,51976;53,5775;FPSO CIDADE DE ITAGUAÍ;UEP;672;2015/07;Lula;31;< 270ºC;35,35%;270ºC a 458ºC;26,38%;> 458ºC;38,27%;71,18878;11,17027;6,90041;1,16554;2,13203;0,4341;0,47354;0,21106;0,06474;0,01789;0,01041;0;0;0;0,70426;5,52697;2,025098;531,062146;38716,2307
São Paulo;Santos;3-BRSA-861-SPS;3SPS74;LAPA;Total E&P do Brasil;486100038842000A;2019/02;10.952,6438;0,0000;10.952,6438;373,4403;0,0000;373,4403;9.759,51727;0,0000;FPSO CIDADE DE CARAGUATATUBA;UEP;670;2017/04;LAPA;23;< 290ºC;23,90%;290ºC a 380ºC;11,30%;> 380ºC;64,80%;50,35714;5,76966;5,15188;0,76369;1,40959;0,3777;0,41487;0,09763;0,02777;0,01594;0;0;0;0,16097;1,12751;34,32565;2,009546;529,19216;24929,7756
Rio de Janeiro;Santos;3-BRSA-883-RJS;3RJS680;LULA;Petrobras;486100038862000;2019/02;11.903,1121;0,0000;11.903,1121;603,7081;0,0000;603,7081;9.568,98528;0,0000;Petrobras 66 (P-66);UEP;633;2015/07;Lula;31;< 270ºC;35,35%;270ºC a 458ºC;26,38%;> 458ºC;38,27%;71,18878;11,17027;6,90041;1,16554;2,13203;0,4341;0,47354;0,21106;0,06474;0,01789;0,01041;0;0;0;0,70426;5,52697;2,025098;531,062146;38716,2307
Rio de Janeiro;Santos;4-BRSA-1047-RJS;4RJS698;SUL DE LULA;Petrobras;48610012913201000;2019/02;11.061,2875;0,0000;11.061,2875;342,5966;0,0000;342,5966;0,00000;0,0000;Petrobras 69;UEP;290;2015/07;Área de Sul de Tupi;28,8;< 270ºC;30,48%;270ºC a 458ºC;29,37%;> 458ºC;40,15%;;;;;;;;;;;;;;;;;;;
Espírito Santo;Campos;6-BRSA-1222A-ESS;6JUB48AESS;JUBARTE;Petrobras;480000035609749;2019/02;23.756,5852;0,0000;23.756,5852;776,3702;0,0000;776,3702;21.725,90210;47,1352;PETROBRAS 58;UEP;612;2017/02;Jubarte;24,6;< 290ºC;28,40%;290ºC a 380ºC;14,50%;> 380ºC;57,10%;78,43;8,24;4,12;0,75;1,48;0,44;0,79;1,1;1,11;0,5;0,15;0,06;0;0;0,79;2,04;2,04655;533,531375;39175,6067
Espírito Santo;Campos;6-BRSA-631DB-ESS;6BAZ1DBESS;BALEIA AZUL;Petrobras;480000035609749;2019/02;4.354,5824;0,0000;4.354,5824;148,3370;0,0000;148,3370;4.150,87834;4.726,8964;FPSO CIDADE DE ANCHIETA;UEP;668;2017/02;Baleia Azul;29,72;< 270ºC;34,30%;270ºC a 458ºC;30,21%;> 458ºC;35,49%;75,55;9,21;5,11;0,85;1,6;0,37;0,56;0,56;0,62;0,45;0,26;0,08;0;0;0,82;3,96;2,028121;531,371801;38673,7078
Espírito Santo;Campos;6-BRSA-639-ESS;6BFR1ESS;JUBARTE;Petrobras;480000035609749;2019/02;1.647,5405;0,0000;1.647,5405;67,0487;0,0000;67,0487;1.876,28807;260,3220;FPSO CAPIXABA;UEP;53;2017/02;Jubarte;24,6;< 290ºC;28,40%;290ºC a 380ºC;14,50%;> 380ºC;57,10%;78,43;8,24;4,12;0,75;1,48;0,44;0,79;1,1;1,11;0,5;0,15;0,06;0;0;0,79;2,04;2,04655;533,531375;39175,6067
Rio de Janeiro;Campos;6-BRSA-770D-RJS;6MRL199DRJS;MARLIM;Petrobras;480000037239710;2019/02;1.599,9066;0,0000;1.599,9066;49,8065;0,0000;49,8065;1.393,00351;8,8115;PETROBRAS 20;UEP;298;2017/02;Marlim;20,3;< 290ºC;25,46%;290ºC a 380ºC;15,30%;> 380ºC;59,24%;87,02;5,93;3,24;0,62;1,27;0,3;0,38;0,28;0,25;0,14;0,08;0,06;0;0;0,31;0,12;2,053128;534,394756;39371,6131
Rio de Janeiro;Campos;6-BRSA-770D-RJS;6MRL199DRJS;VOADOR;Petrobras;480000037239710;2019/02;2.025,5332;0,0000;2.025,5332;63,0567;0,0000;63,0567;1.764,01255;11,1557;PETROBRAS 20;UEP;298;2017/02;Marlim;20,3;< 290ºC;25,46%;290ºC a 380ºC;15,30%;> 380ºC;59,24%;59,78;12,2;8,1;1,69;3,9;1,54;2,98;3,39;2,29;0,82;0,12;0;0;0;0,41;2,78;2,081259;537,669047;40823,6516
Rio de Janeiro;Campos;6-BRSA-817-RJS;6MLL70RJS;MARLIM LESTE;Petrobras;480000039009703;2019/02;702,1409;0,0000;702,1409;13,5072;0,0000;13,5072;377,75149;1.492,0501;PETROBRAS 53;UEP;236;2015/07;Marlim Leste;24,7;< 290ºC;32,18%;290ºC a 380ºC;14,20%;> 380ºC;53,62%;71,288;11,049;9,002;1,477;3,105;0,57;0,706;0,311;0,104;0,036;0,036;0;0;0,005;0,879;1,432;2,033381;532,054944;40490,1478
Espírito Santo;Campos;7-BAZ-3-ESS;7BAZ3ESS;BALEIA AZUL;Petrobras;480000035609749;2019/02;3.749,4997;0,0000;3.749,4997;130,9466;0,0000;130,9466;3.664,24759;1.549,9640;FPSO CIDADE DE ANCHIETA;UEP;668;2017/02;Baleia Azul;29,72;< 270ºC;34,30%;270ºC a 458ºC;30,21%;> 458ºC;35,49%;75,55;9,21;5,11;0,85;1,6;0,37;0,56;0,56;0,62;0,45;0,26;0,08;0;0;0,82;3,96;2,028121;531,371801;38673,7078
Espírito Santo;Campos;7-BAZ-4-ESS;7BAZ4ESS;BALEIA AZUL;Petrobras;480000035609749;2019/02;8.349,1908;0,0000;8.349,1908;291,4480;0,0000;291,4480;8.155,52084;10.926,0887;FPSO CIDADE DE ANCHIETA;UEP;667;2017/02;Baleia Azul;29,72;< 270ºC;34,30%;270ºC a 458ºC;30,21%;> 458ºC;35,49%;75,55;9,21;5,11;0,85;1,6;0,37;0,56;0,56;0,62;0,45;0,26;0,08;0;0;0,82;3,96;2,028121;531,371801;38673,7078
Espírito Santo;Campos;7-BAZ-8-ESS;7BAZ8ESS;BALEIA AZUL;Petrobras;480000035609749;2019/02;7.848,6239;0,0000;7.848,6239;255,6152;0,0000;255,6152;7.152,81870;3.773,2332;PETROBRAS 58;UEP;599;2017/02;Baleia Azul;29,72;< 270ºC;34,30%;270ºC a 458ºC;30,21%;> 458ºC;35,49%;75,55;9,21;5,11;0,85;1,6;0,37;0,56;0,56;0,62;0,45;0,26;0,08;0;0;0,82;3,96;2,028121;531,371801;38673,7078
Espírito Santo;Campos;7-BFR-12PA-ESS;7BFR12PAESS;BALEIA FRANCA;Petrobras;480000035609749;2019/02;5.157,7046;0,0000;5.157,7046;254,0831;0,0000;254,0831;7.110,43864;544,5129;PETROBRAS 58;UEP;251;2018/05;Cachalote;24,5;< 290ºC;27,70%;290ºC a 380ºC;16,30%;> 380ºC;56,00%;81,33;8,33;4,24;0,95;1,52;0,42;0,49;0,43;0,37;0,29;0,34;0,25;0;0;0,58;0,46;2,053857;534,462991;39929,2033
Espírito Santo;Campos;7-BFR-7-ESS;7BFR7ESS;BALEIA FRANCA;Petrobras;480000035609749;2019/02;17.400,3074;0,0000;17.400,3074;605,3432;0,0000;605,3432;16.940,34881;138,9999;PETROBRAS 58;UEP;622;2018/05;Cachalote;24,5;< 290ºC;27,70%;290ºC a 380ºC;16,30%;> 380ºC;56,00%;81,33;8,33;4,24;0,95;1,52;0,42;0,49;0,43;0,37;0,29;0,34;0,25;0;0;0,58;0,46;2,053857;534,462991;39929,2033
Rio de Janeiro;Campos;7-BR-69DA-RJS;7BR69DARJS;BARRACUDA;Petrobras;480000038979792;2019/02;700,0622;0,0000;700,0622;17,7037;0,0000;17,7037;492,34846;575,0966;PETROBRAS 43;UEP;96;2015/07;Barracuda;24,75;< 290ºC;33,90%;290ºC a 380ºC;14,50%;> 380ºC;51,60%;72,8;10,18;8,51;1,35;2,74;0,55;0,8;0,55;0,65;0,44;0,14;0,04;0;0;0,77;0,48;2,027135;531,280022;40682,097
Rio de Janeiro;Campos;7-BR-69DA-RJS;7BR69DARJS;CARATINGA;Petrobras;480000038979792;2019/02;646,2112;0,0000;646,2112;16,3418;0,0000;16,3418;455,68711;530,8584;PETROBRAS 43;UEP;96;2015/07;Caratinga;25;< 290ºC;30,44%;290ºC a 380ºC;14,72%;> 380ºC;54,84%;79,01;7,35;6,73;1,07;2,24;0,46;0,67;0,55;0,61;0,33;0;0,07;0;0;0,56;0,35;2,030267;531,65293;39785,2938
Rio de Janeiro;Santos;7-BUZ-17-RJS;7BUZ17RJS;BÚZIOS;Petrobras;48610012913201000;2019/02;11.740,9992;0,0000;11.740,9992;423,4684;0,0000;423,4684;4.798,55846;32,3395;Petrobras 74 (P-74);UEP;313;2015/07;Búzios;28,4;< 270ºC;31,07%;270ºC a 458ºC;30,08%;> 458ºC;38,85%;48,75;10,676;8,406;1,531;3,382;0,791;1,181;0,759;0,444;0,243;0,302;0,189;0;0;0,292;23,054;2,053421;534,429234;30857,3741
Rio de Janeiro;Campos;7-CRT-49-RJS;7CRT49RJS;BARRACUDA;Petrobras;480000038989755;2019/02;130,9442;0,0000;130,9442;5,5937;0,0000;5,5937;155,56441;112,4465;PETROBRAS 48;UEP;62;2015/07;Barracuda;24,75;< 290ºC;33,90%;290ºC a 380ºC;14,50%;> 380ºC;51,60%;72,8;10,18;8,51;1,35;2,74;0,55;0,8;0,55;0,65;0,44;0,14;0,04;0;0;0,77;0,48;2,027135;531,280022;40682,097
Rio de Janeiro;Campos;7-CRT-49-RJS;7CRT49RJS;CARATINGA;Petrobras;480000038989755;2019/02;120,8715;0,0000;120,8715;5,1634;0,0000;5,1634;143,98075;103,7967;PETROBRAS 48;UEP;62;2015/07;Caratinga;25;< 290ºC;30,44%;290ºC a 380ºC;14,72%;> 380ºC;54,84%;79,01;7,35;6,73;1,07;2,24;0,46;0,67;0,55;0,61;0,33;0;0,07;0;0;0,56;0,35;2,030267;531,65293;39785,2938
Espírito Santo;Campos;7-JUB-34H-ESS;7JUB34HESS;JUBARTE;Petrobras;480000035609749;2019/02;16.381,4285;0,0000;16.381,4285;641,2576;0,0000;641,2576;17.944,91843;156,5116;FPSO CIDADE DE ANCHIETA;UEP;550;2017/02;Jubarte;24,6;< 290ºC;28,40%;290ºC a 380ºC;14,50%;> 380ºC;57,10%;78,43;8,24;4,12;0,75;1,48;0,44;0,79;1,1;1,11;0,5;0,15;0,06;0;0;0,79;2,04;2,04655;533,531375;39175,6067
Espírito Santo;Campos;7-JUB-44-ESS;7JUB44ESS;JUBARTE;Petrobras;480000035609749;2019/02;6.522,2807;0,0000;6.522,2807;230,1183;0,0000;230,1183;6.439,61984;3.803,9522;PETROBRAS 58;UEP;602;2017/02;Jubarte;24,6;< 290ºC;28,40%;290ºC a 380ºC;14,50%;> 380ºC;57,10%;78,43;8,24;4,12;0,75;1,48;0,44;0,79;1,1;1,11;0,5;0,15;0,06;0;0;0,79;2,04;2,04655;533,531375;39175,6067
Espírito Santo;Campos;7-JUB-55-ESS;7JUB55ESS;JUBARTE;Petrobras;480000035609749;2019/02;2.627,4340;0,0000;2.627,4340;81,7301;0,0000;81,7301;2.287,13027;2.281,8415;PETROBRAS 58;UEP;555;2017/02;Jubarte;24,6;< 290ºC;28,40%;290ºC a 380ºC;14,50%;> 380ºC;57,10%;78,43;8,24;4,12;0,75;1,48;0,44;0,79;1,1;1,11;0,5;0,15;0,06;0;0;0,79;2,04;2,04655;533,531375;39175,6067
Espírito Santo;Campos;7-JUB-57DPA-ESS;7JUB57DPAESS;JUBARTE;Petrobras;480000035609749;2019/02;11.740,2538;0,0000;11.740,2538;412,5576;0,0000;412,5576;11.544,99143;8.480,2437;PETROBRAS 58;UEP;543;2017/02;Jubarte;24,6;< 290ºC;28,40%;290ºC a 380ºC;14,50%;> 380ºC;57,10%;78,43;8,24;4,12;0,75;1,48;0,44;0,79;1,1;1,11;0,5;0,15;0,06;0;0;0,79;2,04;2,04655;533,531375;39175,6067
Espírito Santo;Campos;7-JUB-58DPA-ESS;7JUB58DPAESS;JUBARTE;Petrobras;480000035609749;2019/02;13.284,0212;0,0000;13.284,0212;448,9896;0,0000;448,9896;12.564,50058;2.973,7152;PETROBRAS 58;UEP;615;2017/02;Jubarte;24,6;< 290ºC;28,40%;290ºC a 380ºC;14,50%;> 380ºC;57,10%;78,43;8,24;4,12;0,75;1,48;0,44;0,79;1,1;1,11;0,5;0,15;0,06;0;0;0,79;2,04;2,04655;533,531375;39175,6067
Rio de Janeiro;Santos;7-LL-100-RJS;7LL100RJS;LULA;Petrobras;486100038862000;2019/02;17.249,0426;0,0000;17.249,0426;674,4944;0,0000;674,4944;10.690,97255;0,0000;Petrobras 66 (P-66);UEP;662;2015/07;Lula;31;< 270ºC;35,35%;270ºC a 458ºC;26,38%;> 458ºC;38,27%;71,18878;11,17027;6,90041;1,16554;2,13203;0,4341;0,47354;0,21106;0,06474;0,01789;0,01041;0;0;0;0,70426;5,52697;2,025098;531,062146;38716,2307
Rio de Janeiro;Santos;7-LL-102D-RJS;7LL102DRJS;LULA;Petrobras;486100038862000;2019/02;13.435,5701;0,0000;13.435,5701;437,8678;0,0000;437,8678;6.940,35797;0,0000;Petrobras 66 (P-66);UEP;666;2015/07;Lula;31;< 270ºC;35,35%;270ºC a 458ºC;26,38%;> 458ºC;38,27%;71,18878;11,17027;6,90041;1,16554;2,13203;0,4341;0,47354;0,21106;0,06474;0,01789;0,01041;0;0;0;0,70426;5,52697;2,025098;531,062146;38716,2307
Rio de Janeiro;Santos;7-LL-11-RJS;7LL11RJS;LULA;Petrobras;486100038862000;2019/02;6.809,8991;0,0000;6.809,8991;218,3781;0,0000;218,3781;3.461,36899;5.309,8554;FPSO CIDADE DE PARATY;UEP;672;2015/07;Lula;31;< 270ºC;35,35%;270ºC a 458ºC;26,38%;> 458ºC;38,27%;71,18878;11,17027;6,90041;1,16554;2,13203;0,4341;0,47354;0,21106;0,06474;0,01789;0,01041;0;0;0;0,70426;5,52697;2,025098;531,062146;38716,2307
Rio de Janeiro;Santos;7-LL-15D-RJS;7LL15DRJS;LULA;Petrobras;486100038862000;2019/02;32.188,0786;0,0000;32.188,0786;1.188,4832;0,0000;1.188,4832;18.837,87595;288,6589;FPSO CIDADE DE PARATY;UEP;672;2015/07;Lula;31;< 270ºC;35,35%;270ºC a 458ºC;26,38%;> 458ºC;38,27%;71,18878;11,17027;6,90041;1,16554;2,13203;0,4341;0,47354;0,21106;0,06474;0,01789;0,01041;0;0;0;0,70426;5,52697;2,025098;531,062146;38716,2307
Rio de Janeiro;Santos;7-LL-17D-RJS;7LL17DRJS;LULA;Petrobras;486100038862000;2019/02;13.221,2208;0,0000;13.221,2208;416,9983;0,0000;416,9983;6.609,56984;1.558,8005;FPSO CIDADE DE PARATY;UEP;672;2015/07;Lula;31;< 270ºC;35,35%;270ºC a 458ºC;26,38%;> 458ºC;38,27%;71,18878;11,17027;6,90041;1,16554;2,13203;0,4341;0,47354;0,21106;0,06474;0,01789;0,01041;0;0;0;0,70426;5,52697;2,025098;531,062146;38716,2307
Rio de Janeiro;Santos;7-LL-22D-RJS;7LL22DRJS;LULA;Petrobras;486100038862000;2019/02;24.885,4702;0,0000;24.885,4702;889,1875;0,0000;889,1875;14.093,93325;111,0253;FPSO CIDADE DE PARATY;UEP;672;2015/07;Lula;31;< 270ºC;35,35%;270ºC a 458ºC;26,38%;> 458ºC;38,27%;71,18878;11,17027;6,90041;1,16554;2,13203;0,4341;0,47354;0,21106;0,06474;0,01789;0,01041;0;0;0;0,70426;5,52697;2,025098;531,062146;38716,2307
Rio de Janeiro;Santos;7-LL-27-RJS;7LL27RJS;LULA;Petrobras;486100038862000;2019/02;25.222,2900;0,0000;25.222,2900;1.224,1289;0,0000;1.224,1289;19.402,87309;0,0000;FPSO CIDADE DE MANGARATIBA;UEP;530;2015/07;Lula;31;< 270ºC;35,35%;270ºC a 458ºC;26,38%;> 458ºC;38,27%;71,18878;11,17027;6,90041;1,16554;2,13203;0,4341;0,47354;0,21106;0,06474;0,01789;0,01041;0;0;0;0,70426;5,52697;2,025098;531,062146;38716,2307
Rio de Janeiro;Santos;7-LL-28D-RJS;7LL28DRJS;LULA;Petrobras;486100038862000;2019/02;28.612,3908;0,0000;28.612,3908;990,6521;0,0000;990,6521;15.702,18364;0,0000;FPSO CIDADE DE PARATY;UEP;672;2015/07;Lula;31;< 270ºC;35,35%;270ºC a 458ºC;26,38%;> 458ºC;38,27%;71,18878;11,17027;6,90041;1,16554;2,13203;0,4341;0,47354;0,21106;0,06474;0,01789;0,01041;0;0;0;0,70426;5,52697;2,025098;531,062146;38716,2307
Rio de Janeiro;Santos;7-LL-31D-RJS;7LL31DRJS;LULA;Petrobras;486100038862000;2019/02;14.496,5701;0,0000;14.496,5701;728,4317;0,0000;728,4317;11.545,89747;8.152,5862;FPSO CIDADE DE MANGARATIBA;UEP;525;2015/07;Lula;31;< 270ºC;35,35%;270ºC a 458ºC;26,38%;> 458ºC;38,27%;71,18878;11,17027;6,90041;1,16554;2,13203;0,4341;0,47354;0,21106;0,06474;0,01789;0,01041;0;0;0;0,70426;5,52697;2,025098;531,062146;38716,2307
Rio de Janeiro;Santos;7-LL-3D-RJS;7LL2DRJS;LULA;Petrobras;486100038862000;2019/02;9.257,2415;0,0000;9.257,2415;326,9168;0,0000;326,9168;5.181,74668;5.206,8294;FPSO CIDADE DE ANGRA DOS REIS;UEP;672;2015/07;Lula;31;< 270ºC;35,35%;270ºC a 458ºC;26,38%;> 458ºC;38,27%;71,18878;11,17027;6,90041;1,16554;2,13203;0,4341;0,47354;0,21106;0,06474;0,01789;0,01041;0;0;0;0,70426;5,52697;2,025098;531,062146;38716,2307
Rio de Janeiro;Santos;7-LL-45D-RJS;7LL45DRJS;LULA;Petrobras;486100038862000;2019/02;13.228,4276;0,0000;13.228,4276;682,6930;0,0000;682,6930;10.820,92424;8.530,1743;FPSO CIDADE DE MANGARATIBA;UEP;510;2015/07;Lula;31;< 270ºC;35,35%;270ºC a 458ºC;26,38%;> 458ºC;38,27%;71,18878;11,17027;6,90041;1,16554;2,13203;0,4341;0,47354;0,21106;0,06474;0,01789;0,01041;0;0;0;0,70426;5,52697;2,025098;531,062146;38716,2307
Rio de Janeiro;Santos;7-LL-46-RJS;7LL46RJS;LULA;Petrobras;486100038862000;2019/02;14.625,4910;0,0000;14.625,4910;723,2879;0,0000;723,2879;11.464,36748;367,6482;FPSO CIDADE DE SAQUAREMA;UEP;672;2015/07;Lula;31;< 270ºC;35,35%;270ºC a 458ºC;26,38%;> 458ºC;38,27%;71,18878;11,17027;6,90041;1,16554;2,13203;0,4341;0,47354;0,21106;0,06474;0,01789;0,01041;0;0;0;0,70426;5,52697;2,025098;531,062146;38716,2307
Rio de Janeiro;Santos;7-LL-51-RJS;7LL51RJS;LULA;Petrobras;486100038862000;2019/02;26.420,6556;0,0000;26.420,6556;1.398,4032;0,0000;1.398,4032;22.165,18229;0,0000;FPSO CIDADE DE ITAGUAÍ;UEP;672;2015/07;Lula;31;< 270ºC;35,35%;270ºC a 458ºC;26,38%;> 458ºC;38,27%;71,18878;11,17027;6,90041;1,16554;2,13203;0,4341;0,47354;0,21106;0,06474;0,01789;0,01041;0;0;0;0,70426;5,52697;2,025098;531,062146;38716,2307
Rio de Janeiro;Santos;7-LL-58-RJS;7LL58RJS;LULA;Petrobras;486100038862000;2019/02;12.888,1826;0,0000;12.888,1826;431,5014;0,0000;431,5014;6.839,44900;0,0000;FPSO CIDADE DE MARICÁ;UEP;665;2015/07;Lula;31;< 270ºC;35,35%;270ºC a 458ºC;26,38%;> 458ºC;38,27%;71,18878;11,17027;6,90041;1,16554;2,13203;0,4341;0,47354;0,21106;0,06474;0,01789;0,01041;0;0;0;0,70426;5,52697;2,025098;531,062146;38716,2307
Rio de Janeiro;Santos;7-LL-59-RJS;7LL59RJS;LULA;Petrobras;486100038862000;2019/02;22.634,3667;0,0000;22.634,3667;1.059,4197;0,0000;1.059,4197;16.792,17377;15,2638;FPSO CIDADE DE SAQUAREMA;UEP;672;2015/07;Lula;31;< 270ºC;35,35%;270ºC a 458ºC;26,38%;> 458ºC;38,27%;71,18878;11,17027;6,90041;1,16554;2,13203;0,4341;0,47354;0,21106;0,06474;0,01789;0,01041;0;0;0;0,70426;5,52697;2,025098;531,062146;38716,2307
Rio de Janeiro;Santos;7-LL-60D-RJS;7LL60DRJS;LULA;Petrobras;486100038862000;2019/02;18.329,2968;0,0000;18.329,2968;958,3349;0,0000;958,3349;15.189,94415;0,0000;Petrobras 66 (P-66);UEP;659;2015/07;Lula;31;< 270ºC;35,35%;270ºC a 458ºC;26,38%;> 458ºC;38,27%;71,18878;11,17027;6,90041;1,16554;2,13203;0,4341;0,47354;0,21106;0,06474;0,01789;0,01041;0;0;0;0,70426;5,52697;2,025098;531,062146;38716,2307
Rio de Janeiro;Santos;7-LL-61-RJS;7LL61RJS;LULA;Petrobras;486100038862000;2019/02;28.816,7137;0,0000;28.816,7137;952,4314;0,0000;952,4314;15.096,37131;0,0000;FPSO CIDADE DE MARICÁ;UEP;656;2015/07;Lula;31;< 270ºC;35,35%;270ºC a 458ºC;26,38%;> 458ºC;38,27%;71,18878;11,17027;6,90041;1,16554;2,13203;0,4341;0,47354;0,21106;0,06474;0,01789;0,01041;0;0;0;0,70426;5,52697;2,025098;531,062146;38716,2307
Rio de Janeiro;Santos;7-LL-66-RJS;7LL66RJS;LULA;Petrobras;486100038862000;2019/02;28.506,7542;0,0000;28.506,7542;945,3972;0,0000;945,3972;14.984,87787;0,0000;FPSO CIDADE DE MARICÁ;UEP;660;2015/07;Lula;31;< 270ºC;35,35%;270ºC a 458ºC;26,38%;> 458ºC;38,27%;71,18878;11,17027;6,90041;1,16554;2,13203;0,4341;0,47354;0,21106;0,06474;0,01789;0,01041;0;0;0;0,70426;5,52697;2,025098;531,062146;38716,2307
Rio de Janeiro;Santos;7-LL-67D-RJS;7LL67DRJS;LULA;Petrobras;486100038862000;2019/02;24.506,3353;0,0000;24.506,3353;772,5229;0,0000;772,5229;12.244,75955;0,0000;Petrobras 67 (P-67);UEP;553;2015/07;Lula;31;< 270ºC;35,35%;270ºC a 458ºC;26,38%;> 458ºC;38,27%;71,18878;11,17027;6,90041;1,16554;2,13203;0,4341;0,47354;0,21106;0,06474;0,01789;0,01041;0;0;0;0,70426;5,52697;2,025098;531,062146;38716,2307
Rio de Janeiro;Santos;7-LL-69-RJS;7LL69RJS;LULA;Petrobras;486100038862000;2019/02;22.038,1033;0,0000;22.038,1033;688,1113;0,0000;688,1113;10.906,80559;0,0000;Petrobras 66 (P-66);UEP;662;2015/07;Lula;31;< 270ºC;35,35%;270ºC a 458ºC;26,38%;> 458ºC;38,27%;71,18878;11,17027;6,90041;1,16554;2,13203;0,4341;0,47354;0,21106;0,06474;0,01789;0,01041;0;0;0;0,70426;5,52697;2,025098;531,062146;38716,2307
Rio de Janeiro;Santos;7-LL-70-RJS;7LL70RJS;LULA;Petrobras;486100038862000;2019/02;26.899,3018;0,0000;26.899,3018;1.019,4608;0,0000;1.019,4608;16.158,81154;0,0000;Petrobras 69;UEP;669;2015/07;Lula;31;< 270ºC;35,35%;270ºC a 458ºC;26,38%;> 458ºC;38,27%;71,18878;11,17027;6,90041;1,16554;2,13203;0,4341;0,47354;0,21106;0,06474;0,01789;0,01041;0;0;0;0,70426;5,52697;2,025098;531,062146;38716,2307
Rio de Janeiro;Santos;7-LL-73D-RJS;7LL73DRJS;LULA;Petrobras;486100038862000;2019/02;24.826,8354;0,0000;24.826,8354;1.695,8861;0,0000;1.695,8861;26.880,38958;85,0043;FPSO CIDADE DE ITAGUAÍ;UEP;672;2015/07;Lula;31;< 270ºC;35,35%;270ºC a 458ºC;26,38%;> 458ºC;38,27%;71,18878;11,17027;6,90041;1,16554;2,13203;0,4341;0,47354;0,21106;0,06474;0,01789;0,01041;0;0;0;0,70426;5,52697;2,025098;531,062146;38716,2307
Rio de Janeiro;Santos;7-LL-79D-RJS;7LL79DRJS;LULA;Petrobras;486100038862000;2019/02;25.057,8334;0,0000;25.057,8334;853,2128;0,0000;853,2128;13.523,72281;141,7907;FPSO CIDADE DE ANGRA DOS REIS;UEP;671;2015/07;Lula;31;< 270ºC;35,35%;270ºC a 458ºC;26,38%;> 458ºC;38,27%;71,18878;11,17027;6,90041;1,16554;2,13203;0,4341;0,47354;0,21106;0,06474;0,01789;0,01041;0;0;0;0,70426;5,52697;2,025098;531,062146;38716,2307
Rio de Janeiro;Santos;7-LL-80DB-RJS;7LL80DBRJS;LULA;Petrobras;486100038862000;2019/02;29.042,4402;0,0000;29.042,4402;1.004,3632;0,0000;1.004,3632;15.919,50952;16,2641;FPSO CIDADE DE SAQUAREMA;UEP;672;2015/07;Lula;31;< 270ºC;35,35%;270ºC a 458ºC;26,38%;> 458ºC;38,27%;71,18878;11,17027;6,90041;1,16554;2,13203;0,4341;0,47354;0,21106;0,06474;0,01789;0,01041;0;0;0;0,70426;5,52697;2,025098;531,062146;38716,2307
Rio de Janeiro;Santos;7-LL-83D-RJS;7LL83DRJS;LULA;Petrobras;486100038862000;2019/02;22.693,0104;0,0000;22.693,0104;1.047,8098;0,0000;1.047,8098;16.608,15245;106,3620;FPSO CIDADE DE MANGARATIBA;UEP;565;2015/07;Lula;31;< 270ºC;35,35%;270ºC a 458ºC;26,38%;> 458ºC;38,27%;71,18878;11,17027;6,90041;1,16554;2,13203;0,4341;0,47354;0,21106;0,06474;0,01789;0,01041;0;0;0;0,70426;5,52697;2,025098;531,062146;38716,2307
Rio de Janeiro;Santos;7-LL-84D-RJS;7LL84DRJS;LULA;Petrobras;486100038862000;2019/02;26.207,7403;0,0000;26.207,7403;869,3992;0,0000;869,3992;13.780,28268;0,0000;FPSO CIDADE DE MARICÁ;UEP;658;2015/07;Lula;31;< 270ºC;35,35%;270ºC a 458ºC;26,38%;> 458ºC;38,27%;71,18878;11,17027;6,90041;1,16554;2,13203;0,4341;0,47354;0,21106;0,06474;0,01789;0,01041;0;0;0;0,70426;5,52697;2,025098;531,062146;38716,2307
Rio de Janeiro;Santos;7-LL-8H-RJS;7LL8HRJS;LULA;Petrobras;486100038862000;2019/02;6.356,3012;0,0000;6.356,3012;397,4614;0,0000;397,4614;6.299,90280;798,4766;FPSO CIDADE DE ANGRA DOS REIS;UEP;665;2015/07;Lula;31;< 270ºC;35,35%;270ºC a 458ºC;26,38%;> 458ºC;38,27%;71,18878;11,17027;6,90041;1,16554;2,13203;0,4341;0,47354;0,21106;0,06474;0,01789;0,01041;0;0;0;0,70426;5,52697;2,025098;531,062146;38716,2307
Rio de Janeiro;Santos;7-LL-90D-RJS;7LL90RJS;LULA;Petrobras;486100038862000;2019/02;19.787,5354;0,0000;19.787,5354;642,3196;0,0000;642,3196;10.180,99068;0,0000;Petrobras 66 (P-66);UEP;659;2015/07;Lula;31;< 270ºC;35,35%;270ºC a 458ºC;26,38%;> 458ºC;38,27%;71,18878;11,17027;6,90041;1,16554;2,13203;0,4341;0,47354;0,21106;0,06474;0,01789;0,01041;0;0;0;0,70426;5,52697;2,025098;531,062146;38716,2307
Rio de Janeiro;Santos;7-LL-91-RJS;7LL91RJS;LULA;Petrobras;486100038862000;2019/02;25.250,1462;0,0000;25.250,1462;857,7259;0,0000;857,7259;13.595,25592;14,1411;FPSO CIDADE DE SAQUAREMA;UEP;672;2015/07;Lula;31;< 270ºC;35,35%;270ºC a 458ºC;26,38%;> 458ºC;38,27%;71,18878;11,17027;6,90041;1,16554;2,13203;0,4341;0,47354;0,21106;0,06474;0,01789;0,01041;0;0;0;0,70426;5,52697;2,025098;531,062146;38716,2307
Rio de Janeiro;Santos;7-LL-97-RJS;7LL97RJS;LULA;Petrobras;486100038862000;2019/02;22.886,8013;0,0000;22.886,8013;757,1952;0,0000;757,1952;12.001,80934;0,0000;Petrobras 66 (P-66);UEP;663;2015/07;Lula;31;< 270ºC;35,35%;270ºC a 458ºC;26,38%;> 458ºC;38,27%;71,18878;11,17027;6,90041;1,16554;2,13203;0,4341;0,47354;0,21106;0,06474;0,01789;0,01041;0;0;0;0,70426;5,52697;2,025098;531,062146;38716,2307
Rio de Janeiro;Campos;7-MLL-72-RJS;7MLL72RJS;MARLIM LESTE;Petrobras;480000039009703;2019/02;2.161,9910;0,0000;2.161,9910;35,5396;0,0000;35,5396;993,92276;3.367,3980;PETROBRAS 53;UEP;557;2015/07;Marlim Leste;24,7;< 290ºC;32,18%;290ºC a 380ºC;14,20%;> 380ºC;53,62%;71,288;11,049;9,002;1,477;3,105;0,57;0,706;0,311;0,104;0,036;0,036;0;0;0,005;0,879;1,432;2,033381;532,054944;40490,1478
Rio de Janeiro;Campos;7-MLL-73D-RJS;7MLL73DRJS;MARLIM LESTE;Petrobras;480000039009703;2019/02;8.350,3816;0,0000;8.350,3816;126,3936;0,0000;126,3936;3.534,80125;1.359,3641;PETROBRAS 53;UEP;606;2015/07;Marlim Leste;24,7;< 290ºC;32,18%;290ºC a 380ºC;14,20%;> 380ºC;53,62%;71,288;11,049;9,002;1,477;3,105;0,57;0,706;0,311;0,104;0,036;0,036;0;0;0,005;0,879;1,432;2,033381;532,054944;40490,1478
Espírito Santo;Campos;7-PRB-1-ESS;7PRB1ESS;PIRAMBU;Petrobras;480000035609749;2019/02;195,6787;0,0000;195,6787;5,2920;0,0000;5,2920;148,08136;174,2498;FPSO CIDADE DE ANCHIETA;UEP;71;2017/02;Baleia Azul;29,72;< 270ºC;34,30%;270ºC a 458ºC;30,21%;> 458ºC;35,49%;79,683;10,078;5,478;0,839;1,448;0,268;0,297;0,103;0,038;0,01;0;0;0;0;0,716;1,042;2,007924;529,004515;40169,5127
São Paulo;Santos;7-SPH-14D-SPS;7SPH14DSPS;SAPINHOÁ;Petrobras;486100038842000;2019/02;23.869,9321;0,0000;23.869,9321;1.307,6506;0,0000;1.307,6506;21.896,60153;0,0000;FPSO CIDADE DE ILHA BELA;UEP;647;2018/11;Sapinhoá;30,1;< 270ºC;34,10%;270ºC a 458ºC;27,91%;> 458ºC;37,99%;70,40757;11,4576;9,16978;1,31006;2,28984;0,37572;0,39816;0,07168;0,01421;0,0054;0,0015;0;0;0;1,05059;3,44789;2,000271;528,090035;39620,2435
São Paulo;Santos;7-SPH-14D-SPS;7SPH14DSPS;NORDESTE DE SAPINHOÁ;Petrobras;486100038842000;2019/02;65,1898;0,0000;65,1898;3,5712;0,0000;3,5712;59,80016;0,0000;FPSO CIDADE DE ILHA BELA;UEP;647;2018/11;Sapinhoá;30,1;< 270ºC;34,10%;270ºC a 458ºC;27,91%;> 458ºC;37,99%;70,40757;11,4576;9,16978;1,31006;2,28984;0,37572;0,39816;0,07168;0,01421;0,0054;0,0015;0;0;0;1,05059;3,44789;2,000271;528,090035;39620,2435
São Paulo;Santos;7-SPH-14D-SPS;7SPH14DSPS;NOROESTE DE SAPINHOA;Petrobras;486100038842000;2019/02;313,3082;0,0000;313,3082;17,1637;0,0000;17,1637;287,40655;0,0000;FPSO CIDADE DE ILHA BELA;UEP;647;2018/11;Sapinhoá;30,1;< 270ºC;34,10%;270ºC a 458ºC;27,91%;> 458ºC;37,99%;70,40757;11,4576;9,16978;1,31006;2,28984;0,37572;0,39816;0,07168;0,01421;0,0054;0,0015;0;0;0;1,05059;3,44789;2,000271;528,090035;39620,2435
São Paulo;Santos;7-SPH-14D-SPS;7SPH14DSPS;SUDOESTE DE SAPINHOÁ;Petrobras;486100038842000;2019/02;538,6225;0,0000;538,6225;29,5070;0,0000;29,5070;494,09414;0,0000;FPSO CIDADE DE ILHA BELA;UEP;647;2018/11;Sapinhoá;30,1;< 270ºC;34,10%;270ºC a 458ºC;27,91%;> 458ºC;37,99%;70,40757;11,4576;9,16978;1,31006;2,28984;0,37572;0,39816;0,07168;0,01421;0,0054;0,0015;0;0;0;1,05059;3,44789;2,000271;528,090035;39620,2435
São Paulo;Santos;7-SPH-15D-SPS;7SPH15DSPS;SAPINHOÁ;Petrobras;486100038842000;2019/02;0,3753;0,0000;0,3753;0,0123;0,0000;0,0123;0,20654;0,0335;FPSO CIDADE DE ILHA BELA;UEP;1;2018/11;Sapinhoá;30,1;< 270ºC;34,10%;270ºC a 458ºC;27,91%;> 458ºC;37,99%;70,40757;11,4576;9,16978;1,31006;2,28984;0,37572;0,39816;0,07168;0,01421;0,0054;0,0015;0;0;0;1,05059;3,44789;2,000271;528,090035;39620,2435
São Paulo;Santos;7-SPH-15D-SPS;7SPH15DSPS;NORDESTE DE SAPINHOÁ;Petrobras;486100038842000;2019/02;0,0010;0,0000;0,0010;0,0000;0,0000;0,0000;0,00052;0,0001;FPSO CIDADE DE ILHA BELA;UEP;1;2018/11;Sapinhoá;30,1;< 270ºC;34,10%;270ºC a 458ºC;27,91%;> 458ºC;37,99%;70,40757;11,4576;9,16978;1,31006;2,28984;0,37572;0,39816;0,07168;0,01421;0,0054;0,0015;0;0;0;1,05059;3,44789;2,000271;528,090035;39620,2435
São Paulo;Santos;7-SPH-15D-SPS;7SPH15DSPS;NOROESTE DE SAPINHOA;Petrobras;486100038842000;2019/02;0,0049;0,0000;0,0049;0,0002;0,0000;0,0002;0,00266;0,0004;FPSO CIDADE DE ILHA BELA;UEP;1;2018/11;Sapinhoá;30,1;< 270ºC;34,10%;270ºC a 458ºC;27,91%;> 458ºC;37,99%;70,40757;11,4576;9,16978;1,31006;2,28984;0,37572;0,39816;0,07168;0,01421;0,0054;0,0015;0;0;0;1,05059;3,44789;2,000271;528,090035;39620,2435
São Paulo;Santos;7-SPH-15D-SPS;7SPH15DSPS;SUDOESTE DE SAPINHOÁ;Petrobras;486100038842000;2019/02;0,0085;0,0000;0,0085;0,0003;0,0000;0,0003;0,00460;0,0007;FPSO CIDADE DE ILHA BELA;UEP;1;2018/11;Sapinhoá;30,1;< 270ºC;34,10%;270ºC a 458ºC;27,91%;> 458ºC;37,99%;70,40757;11,4576;9,16978;1,31006;2,28984;0,37572;0,39816;0,07168;0,01421;0,0054;0,0015;0;0;0;1,05059;3,44789;2,000271;528,090035;39620,2435
São Paulo;Santos;7-SPH-16D-SPS;7SPH16DSPS;SAPINHOÁ;Petrobras;486100038842000;2019/02;8.949,0192;0,0000;8.949,0192;412,3200;0,0000;412,3200;6.904,29647;426,6038;FPSO CIDADE DE ILHA BELA;UEP;472;2018/11;Sapinhoá;30,1;< 270ºC;34,10%;270ºC a 458ºC;27,91%;> 458ºC;37,99%;70,40757;11,4576;9,16978;1,31006;2,28984;0,37572;0,39816;0,07168;0,01421;0,0054;0,0015;0;0;0;1,05059;3,44789;2,000271;528,090035;39620,2435
São Paulo;Santos;7-SPH-16D-SPS;7SPH16DSPS;NORDESTE DE SAPINHOÁ;Petrobras;486100038842000;2019/02;24,4401;0,0000;24,4401;1,1260;0,0000;1,1260;18,85561;1,1650;FPSO CIDADE DE ILHA BELA;UEP;472;2018/11;Sapinhoá;30,1;< 270ºC;34,10%;270ºC a 458ºC;27,91%;> 458ºC;37,99%;70,40757;11,4576;9,16978;1,31006;2,28984;0,37572;0,39816;0,07168;0,01421;0,0054;0,0015;0;0;0;1,05059;3,44789;2,000271;528,090035;39620,2435
São Paulo;Santos;7-SPH-16D-SPS;7SPH16DSPS;NOROESTE DE SAPINHOA;Petrobras;486100038842000;2019/02;117,4616;0,0000;117,4616;5,4120;0,0000;5,4120;90,62305;5,5994;FPSO CIDADE DE ILHA BELA;UEP;472;2018/11;Sapinhoá;30,1;< 270ºC;34,10%;270ºC a 458ºC;27,91%;> 458ºC;37,99%;70,40757;11,4576;9,16978;1,31006;2,28984;0,37572;0,39816;0,07168;0,01421;0,0054;0,0015;0;0;0;1,05059;3,44789;2,000271;528,090035;39620,2435
São Paulo;Santos;7-SPH-16D-SPS;7SPH16DSPS;SUDOESTE DE SAPINHOÁ;Petrobras;486100038842000;2019/02;201,9337;0,0000;201,9337;9,3039;0,0000;9,3039;155,79449;9,6262;FPSO CIDADE DE ILHA BELA;UEP;472;2018/11;Sapinhoá;30,1;< 270ºC;34,10%;270ºC a 458ºC;27,91%;> 458ºC;37,99%;70,40757;11,4576;9,16978;1,31006;2,28984;0,37572;0,39816;0,07168;0,01421;0,0054;0,0015;0;0;0;1,05059;3,44789;2,000271;528,090035;39620,2435
São Paulo;Santos;7-SPH-17-SPS;7SPH17SPS;SAPINHOÁ;Petrobras;486100038842000;2019/02;30.965,9994;0,0000;30.965,9994;1.122,8803;0,0000;1.122,8803;18.802,62322;0,0000;FPSO CIDADE DE ILHA BELA;UEP;647;2018/11;Sapinhoá;30,1;< 270ºC;34,10%;270ºC a 458ºC;27,91%;> 458ºC;37,99%;70,40757;11,4576;9,16978;1,31006;2,28984;0,37572;0,39816;0,07168;0,01421;0,0054;0,0015;0;0;0;1,05059;3,44789;2,000271;528,090035;39620,2435
São Paulo;Santos;7-SPH-17-SPS;7SPH17SPS;NORDESTE DE SAPINHOÁ;Petrobras;486100038842000;2019/02;84,5695;0,0000;84,5695;3,0666;0,0000;3,0666;51,35040;0,0000;FPSO CIDADE DE ILHA BELA;UEP;647;2018/11;Sapinhoá;30,1;< 270ºC;34,10%;270ºC a 458ºC;27,91%;> 458ºC;37,99%;70,40757;11,4576;9,16978;1,31006;2,28984;0,37572;0,39816;0,07168;0,01421;0,0054;0,0015;0;0;0;1,05059;3,44789;2,000271;528,090035;39620,2435
São Paulo;Santos;7-SPH-17-SPS;7SPH17SPS;NOROESTE DE SAPINHOA;Petrobras;486100038842000;2019/02;406,4487;0,0000;406,4487;14,7385;0,0000;14,7385;246,79612;0,0000;FPSO CIDADE DE ILHA BELA;UEP;647;2018/11;Sapinhoá;30,1;< 270ºC;34,10%;270ºC a 458ºC;27,91%;> 458ºC;37,99%;70,40757;11,4576;9,16978;1,31006;2,28984;0,37572;0,39816;0,07168;0,01421;0,0054;0,0015;0;0;0;1,05059;3,44789;2,000271;528,090035;39620,2435
São Paulo;Santos;7-SPH-17-SPS;7SPH17SPS;SUDOESTE DE SAPINHOÁ;Petrobras;486100038842000;2019/02;698,7446;0,0000;698,7446;25,3377;0,0000;25,3377;424,27886;0,0000;FPSO CIDADE DE ILHA BELA;UEP;647;2018/11;Sapinhoá;30,1;< 270ºC;34,10%;270ºC a 458ºC;27,91%;> 458ºC;37,99%;70,40757;11,4576;9,16978;1,31006;2,28984;0,37572;0,39816;0,07168;0,01421;0,0054;0,0015;0;0;0;1,05059;3,44789;2,000271;528,090035;39620,2435
São Paulo;Santos;7-SPH-1-SPS;7SPH1SPS;SAPINHOÁ;Petrobras;486100038842000;2019/02;28.288,0425;0,0000;28.288,0425;967,0351;0,0000;967,0351;16.192,99725;167,7356;FPSO CIDADE DE SÃO PAULO;UEP;647;2018/11;Sapinhoá;30,1;< 270ºC;34,10%;270ºC a 458ºC;27,91%;> 458ºC;37,99%;70,40757;11,4576;9,16978;1,31006;2,28984;0,37572;0,39816;0,07168;0,01421;0,0054;0,0015;0;0;0;1,05059;3,44789;2,000271;528,090035;39620,2435
São Paulo;Santos;7-SPH-1-SPS;7SPH1SPS;NORDESTE DE SAPINHOÁ;Petrobras;486100038842000;2019/02;77,2559;0,0000;77,2559;2,6410;0,0000;2,6410;44,22338;0,4580;FPSO CIDADE DE SÃO PAULO;UEP;647;2018/11;Sapinhoá;30,1;< 270ºC;34,10%;270ºC a 458ºC;27,91%;> 458ºC;37,99%;70,40757;11,4576;9,16978;1,31006;2,28984;0,37572;0,39816;0,07168;0,01421;0,0054;0,0015;0;0;0;1,05059;3,44789;2,000271;528,090035;39620,2435
São Paulo;Santos;7-SPH-1-SPS;7SPH1SPS;NOROESTE DE SAPINHOA;Petrobras;486100038842000;2019/02;371,2988;0,0000;371,2988;12,6929;0,0000;12,6929;212,54310;2,2015;FPSO CIDADE DE SÃO PAULO;UEP;647;2018/11;Sapinhoá;30,1;< 270ºC;34,10%;270ºC a 458ºC;27,91%;> 458ºC;37,99%;70,40757;11,4576;9,16978;1,31006;2,28984;0,37572;0,39816;0,07168;0,01421;0,0054;0,0015;0;0;0;1,05059;3,44789;2,000271;528,090035;39620,2435
São Paulo;Santos;7-SPH-1-SPS;7SPH1SPS;SUDOESTE DE SAPINHOÁ;Petrobras;486100038842000;2019/02;638,3168;0,0000;638,3168;21,8210;0,0000;21,8210;365,39293;3,7848;FPSO CIDADE DE SÃO PAULO;UEP;647;2018/11;Sapinhoá;30,1;< 270ºC;34,10%;270ºC a 458ºC;27,91%;> 458ºC;37,99%;70,40757;11,4576;9,16978;1,31006;2,28984;0,37572;0,39816;0,07168;0,01421;0,0054;0,0015;0;0;0;1,05059;3,44789;2,000271;528,090035;39620,2435
São Paulo;Santos;7-SPH-2D-SPS;7SPH2DSPS;SAPINHOÁ;Petrobras;486100038842000;2019/02;26.393,1626;0,0000;26.393,1626;908,2155;0,0000;908,2155;15.208,06315;0,0000;FPSO CIDADE DE SÃO PAULO;UEP;647;2018/11;Sapinhoá;30,1;< 270ºC;34,10%;270ºC a 458ºC;27,91%;> 458ºC;37,99%;70,40757;11,4576;9,16978;1,31006;2,28984;0,37572;0,39816;0,07168;0,01421;0,0054;0,0015;0;0;0;1,05059;3,44789;2,000271;528,090035;39620,2435
São Paulo;Santos;7-SPH-2D-SPS;7SPH2DSPS;NORDESTE DE SAPINHOÁ;Petrobras;486100038842000;2019/02;72,0809;0,0000;72,0809;2,4804;0,0000;2,4804;41,53349;0,0000;FPSO CIDADE DE SÃO PAULO;UEP;647;2018/11;Sapinhoá;30,1;< 270ºC;34,10%;270ºC a 458ºC;27,91%;> 458ºC;37,99%;70,40757;11,4576;9,16978;1,31006;2,28984;0,37572;0,39816;0,07168;0,01421;0,0054;0,0015;0;0;0;1,05059;3,44789;2,000271;528,090035;39620,2435
São Paulo;Santos;7-SPH-2D-SPS;7SPH2DSPS;NOROESTE DE SAPINHOA;Petrobras;486100038842000;2019/02;346,4273;0,0000;346,4273;11,9209;0,0000;11,9209;199,61523;0,0000;FPSO CIDADE DE SÃO PAULO;UEP;647;2018/11;Sapinhoá;30,1;< 270ºC;34,10%;270ºC a 458ºC;27,91%;> 458ºC;37,99%;70,40757;11,4576;9,16978;1,31006;2,28984;0,37572;0,39816;0,07168;0,01421;0,0054;0,0015;0;0;0;1,05059;3,44789;2,000271;528,090035;39620,2435
São Paulo;Santos;7-SPH-2D-SPS;7SPH2DSPS;SUDOESTE DE SAPINHOÁ;Petrobras;486100038842000;2019/02;595,5590;0,0000;595,5590;20,4938;0,0000;20,4938;343,16801;0,0000;FPSO CIDADE DE SÃO PAULO;UEP;647;2018/11;Sapinhoá;30,1;< 270ºC;34,10%;270ºC a 458ºC;27,91%;> 458ºC;37,99%;70,40757;11,4576;9,16978;1,31006;2,28984;0,37572;0,39816;0,07168;0,01421;0,0054;0,0015;0;0;0;1,05059;3,44789;2,000271;528,090035;39620,2435
São Paulo;Santos;7-SPH-3-SPS;7SPH3SPS;SAPINHOÁ;Petrobras;486100038842000;2019/02;12.815,3354;0,0000;12.815,3354;991,6336;0,0000;991,6336;16.604,89878;12,6158;FPSO CIDADE DE SÃO PAULO;UEP;647;2018/11;Sapinhoá;30,1;< 270ºC;34,10%;270ºC a 458ºC;27,91%;> 458ºC;37,99%;70,40757;11,4576;9,16978;1,31006;2,28984;0,37572;0,39816;0,07168;0,01421;0,0054;0,0015;0;0;0;1,05059;3,44789;2,000271;528,090035;39620,2435
São Paulo;Santos;7-SPH-3-SPS;7SPH3SPS;NORDESTE DE SAPINHOÁ;Petrobras;486100038842000;2019/02;34,9992;0,0000;34,9992;2,7082;0,0000;2,7082;45,34833;0,0343;FPSO CIDADE DE SÃO PAULO;UEP;647;2018/11;Sapinhoá;30,1;< 270ºC;34,10%;270ºC a 458ºC;27,91%;> 458ºC;37,99%;70,40757;11,4576;9,16978;1,31006;2,28984;0,37572;0,39816;0,07168;0,01421;0,0054;0,0015;0;0;0;1,05059;3,44789;2,000271;528,090035;39620,2435
São Paulo;Santos;7-SPH-3-SPS;7SPH3SPS;NOROESTE DE SAPINHOA;Petrobras;486100038842000;2019/02;168,2095;0,0000;168,2095;13,0158;0,0000;13,0158;217,94958;0,1655;FPSO CIDADE DE SÃO PAULO;UEP;647;2018/11;Sapinhoá;30,1;< 270ºC;34,10%;270ºC a 458ºC;27,91%;> 458ºC;37,99%;70,40757;11,4576;9,16978;1,31006;2,28984;0,37572;0,39816;0,07168;0,01421;0,0054;0,0015;0;0;0;1,05059;3,44789;2,000271;528,090035;39620,2435
São Paulo;Santos;7-SPH-3-SPS;7SPH3SPS;SUDOESTE DE SAPINHOÁ;Petrobras;486100038842000;2019/02;289,1767;0,0000;289,1767;22,3761;0,0000;22,3761;374,68745;0,2846;FPSO CIDADE DE SÃO PAULO;UEP;647;2018/11;Sapinhoá;30,1;< 270ºC;34,10%;270ºC a 458ºC;27,91%;> 458ºC;37,99%;70,40757;11,4576;9,16978;1,31006;2,28984;0,37572;0,39816;0,07168;0,01421;0,0054;0,0015;0;0;0;1,05059;3,44789;2,000271;528,090035;39620,2435
São Paulo;Santos;7-SPH-4D-SPS;7SPH4DSPS;SAPINHOÁ;Petrobras;486100038842000;2019/02;23.757,7792;0,0000;23.757,7792;815,6851;0,0000;815,6851;13.658,64271;524,9990;FPSO CIDADE DE SÃO PAULO;UEP;647;2018/11;Sapinhoá;30,1;< 270ºC;34,10%;270ºC a 458ºC;27,91%;> 458ºC;37,99%;70,40757;11,4576;9,16978;1,31006;2,28984;0,37572;0,39816;0,07168;0,01421;0,0054;0,0015;0;0;0;1,05059;3,44789;2,000271;528,090035;39620,2435
São Paulo;Santos;7-SPH-4D-SPS;7SPH4DSPS;NORDESTE DE SAPINHOÁ;Petrobras;486100038842000;2019/02;64,8835;0,0000;64,8835;2,2277;0,0000;2,2277;37,30195;1,4336;FPSO CIDADE DE SÃO PAULO;UEP;647;2018/11;Sapinhoá;30,1;< 270ºC;34,10%;270ºC a 458ºC;27,91%;> 458ºC;37,99%;70,40757;11,4576;9,16978;1,31006;2,28984;0,37572;0,39816;0,07168;0,01421;0,0054;0,0015;0;0;0;1,05059;3,44789;2,000271;528,090035;39620,2435
São Paulo;Santos;7-SPH-4D-SPS;7SPH4DSPS;NOROESTE DE SAPINHOA;Petrobras;486100038842000;2019/02;311,8361;0,0000;311,8361;10,7064;0,0000;10,7064;179,27809;6,8908;FPSO CIDADE DE SÃO PAULO;UEP;647;2018/11;Sapinhoá;30,1;< 270ºC;34,10%;270ºC a 458ºC;27,91%;> 458ºC;37,99%;70,40757;11,4576;9,16978;1,31006;2,28984;0,37572;0,39816;0,07168;0,01421;0,0054;0,0015;0;0;0;1,05059;3,44789;2,000271;528,090035;39620,2435
São Paulo;Santos;7-SPH-4D-SPS;7SPH4DSPS;SUDOESTE DE SAPINHOÁ;Petrobras;486100038842000;2019/02;536,0918;0,0000;536,0918;18,4058;0,0000;18,4058;308,20547;11,8464;FPSO CIDADE DE SÃO PAULO;UEP;647;2018/11;Sapinhoá;30,1;< 270ºC;34,10%;270ºC a 458ºC;27,91%;> 458ºC;37,99%;70,40757;11,4576;9,16978;1,31006;2,28984;0,37572;0,39816;0,07168;0,01421;0,0054;0,0015;0;0;0;1,05059;3,44789;2,000271;528,090035;39620,2435
São Paulo;Santos;7-SPH-6-SPS;7SPH6SPS;SAPINHOÁ;Petrobras;486100038842000;2019/02;13.226,8916;0,0000;13.226,8916;412,5216;0,0000;412,5216;6.907,67150;2.914,6421;FPSO CIDADE DE ILHA BELA;UEP;431;2018/11;Sapinhoá;30,1;< 270ºC;34,10%;270ºC a 458ºC;27,91%;> 458ºC;37,99%;70,40757;11,4576;9,16978;1,31006;2,28984;0,37572;0,39816;0,07168;0,01421;0,0054;0,0015;0;0;0;1,05059;3,44789;2,000271;528,090035;39620,2435
São Paulo;Santos;7-SPH-6-SPS;7SPH6SPS;NORDESTE DE SAPINHOÁ;Petrobras;486100038842000;2019/02;36,1232;0,0000;36,1232;1,1266;0,0000;1,1266;18,86489;7,9599;FPSO CIDADE DE ILHA BELA;UEP;431;2018/11;Sapinhoá;30,1;< 270ºC;34,10%;270ºC a 458ºC;27,91%;> 458ºC;37,99%;70,40757;11,4576;9,16978;1,31006;2,28984;0,37572;0,39816;0,07168;0,01421;0,0054;0,0015;0;0;0;1,05059;3,44789;2,000271;528,090035;39620,2435
São Paulo;Santos;7-SPH-6-SPS;7SPH6SPS;NOROESTE DE SAPINHOA;Petrobras;486100038842000;2019/02;173,6114;0,0000;173,6114;5,4146;0,0000;5,4146;90,66737;38,2565;FPSO CIDADE DE ILHA BELA;UEP;431;2018/11;Sapinhoá;30,1;< 270ºC;34,10%;270ºC a 458ºC;27,91%;> 458ºC;37,99%;70,40757;11,4576;9,16978;1,31006;2,28984;0,37572;0,39816;0,07168;0,01421;0,0054;0,0015;0;0;0;1,05059;3,44789;2,000271;528,090035;39620,2435
São Paulo;Santos;7-SPH-6-SPS;7SPH6SPS;SUDOESTE DE SAPINHOÁ;Petrobras;486100038842000;2019/02;298,4634;0,0000;298,4634;9,3085;0,0000;9,3085;155,87062;65,7685;FPSO CIDADE DE ILHA BELA;UEP;431;2018/11;Sapinhoá;30,1;< 270ºC;34,10%;270ºC a 458ºC;27,91%;> 458ºC;37,99%;70,40757;11,4576;9,16978;1,31006;2,28984;0,37572;0,39816;0,07168;0,01421;0,0054;0,0015;0;0;0;1,05059;3,44789;2,000271;528,090035;39620,2435
São Paulo;Santos;7-SPH-7D-SPS;7SPH7DSPS;SAPINHOÁ;Petrobras;486100038842000;2019/02;24.105,4472;0,0000;24.105,4472;798,2342;0,0000;798,2342;13.366,42680;2.773,2645;FPSO CIDADE DE ILHA BELA;UEP;647;2018/11;Sapinhoá;30,1;< 270ºC;34,10%;270ºC a 458ºC;27,91%;> 458ºC;37,99%;70,40757;11,4576;9,16978;1,31006;2,28984;0,37572;0,39816;0,07168;0,01421;0,0054;0,0015;0;0;0;1,05059;3,44789;2,000271;528,090035;39620,2435
São Paulo;Santos;7-SPH-7D-SPS;7SPH7DSPS;NORDESTE DE SAPINHOÁ;Petrobras;486100038842000;2019/02;65,8330;0,0000;65,8330;2,1800;0,0000;2,1800;36,50392;7,5738;FPSO CIDADE DE ILHA BELA;UEP;647;2018/11;Sapinhoá;30,1;< 270ºC;34,10%;270ºC a 458ºC;27,91%;> 458ºC;37,99%;70,40757;11,4576;9,16978;1,31006;2,28984;0,37572;0,39816;0,07168;0,01421;0,0054;0,0015;0;0;0;1,05059;3,44789;2,000271;528,090035;39620,2435
São Paulo;Santos;7-SPH-7D-SPS;7SPH7DSPS;NOROESTE DE SAPINHOA;Petrobras;486100038842000;2019/02;316,3995;0,0000;316,3995;10,4773;0,0000;10,4773;175,44258;36,4008;FPSO CIDADE DE ILHA BELA;UEP;647;2018/11;Sapinhoá;30,1;< 270ºC;34,10%;270ºC a 458ºC;27,91%;> 458ºC;37,99%;70,40757;11,4576;9,16978;1,31006;2,28984;0,37572;0,39816;0,07168;0,01421;0,0054;0,0015;0;0;0;1,05059;3,44789;2,000271;528,090035;39620,2435
São Paulo;Santos;7-SPH-7D-SPS;7SPH7DSPS;SUDOESTE DE SAPINHOÁ;Petrobras;486100038842000;2019/02;543,9369;0,0000;543,9369;18,0121;0,0000;18,0121;301,61165;62,5783;FPSO CIDADE DE ILHA BELA;UEP;647;2018/11;Sapinhoá;30,1;< 270ºC;34,10%;270ºC a 458ºC;27,91%;> 458ºC;37,99%;70,40757;11,4576;9,16978;1,31006;2,28984;0,37572;0,39816;0,07168;0,01421;0,0054;0,0015;0;0;0;1,05059;3,44789;2,000271;528,090035;39620,2435
São Paulo;Santos;7-SPH-8-SPS;7SPH8SPS;SAPINHOÁ;Petrobras;486100038842000;2019/02;14.828,4309;0,0000;14.828,4309;502,4336;0,0000;502,4336;8.413,24834;81,1485;FPSO CIDADE DE ILHA BELA;UEP;423;2018/11;Sapinhoá;30,1;< 270ºC;34,10%;270ºC a 458ºC;27,91%;> 458ºC;37,99%;70,40757;11,4576;9,16978;1,31006;2,28984;0,37572;0,39816;0,07168;0,01421;0,0054;0,0015;0;0;0;1,05059;3,44789;2,000271;528,090035;39620,2435
São Paulo;Santos;7-SPH-8-SPS;7SPH8SPS;NORDESTE DE SAPINHOÁ;Petrobras;486100038842000;2019/02;40,4971;0,0000;40,4971;1,3722;0,0000;1,3722;22,97671;0,2216;FPSO CIDADE DE ILHA BELA;UEP;423;2018/11;Sapinhoá;30,1;< 270ºC;34,10%;270ºC a 458ºC;27,91%;> 458ºC;37,99%;70,40757;11,4576;9,16978;1,31006;2,28984;0,37572;0,39816;0,07168;0,01421;0,0054;0,0015;0;0;0;1,05059;3,44789;2,000271;528,090035;39620,2435
São Paulo;Santos;7-SPH-8-SPS;7SPH8SPS;NOROESTE DE SAPINHOA;Petrobras;486100038842000;2019/02;194,6327;0,0000;194,6327;6,5948;0,0000;6,5948;110,42902;1,0650;FPSO CIDADE DE ILHA BELA;UEP;423;2018/11;Sapinhoá;30,1;< 270ºC;34,10%;270ºC a 458ºC;27,91%;> 458ºC;37,99%;70,40757;11,4576;9,16978;1,31006;2,28984;0,37572;0,39816;0,07168;0,01421;0,0054;0,0015;0;0;0;1,05059;3,44789;2,000271;528,090035;39620,2435
São Paulo;Santos;7-SPH-8-SPS;7SPH8SPS;SUDOESTE DE SAPINHOÁ;Petrobras;486100038842000;2019/02;334,6020;0,0000;334,6020;11,3374;0,0000;11,3374;189,84380;1,8310;FPSO CIDADE DE ILHA BELA;UEP;423;2018/11;Sapinhoá;30,1;< 270ºC;34,10%;270ºC a 458ºC;27,91%;> 458ºC;37,99%;70,40757;11,4576;9,16978;1,31006;2,28984;0,37572;0,39816;0,07168;0,01421;0,0054;0,0015;0;0;0;1,05059;3,44789;2,000271;528,090035;39620,2435
Espírito Santo;Campos;8-JUB-39-ESS;8JUB39ESS;JUBARTE;Petrobras;480000035609749;2019/02;8.264,3665;0,0000;8.264,3665;285,6332;0,0000;285,6332;7.993,14361;1.605,9507;PETROBRAS 58;UEP;616;2017/02;Jubarte;24,6;< 290ºC;28,40%;290ºC a 380ºC;14,50%;> 380ºC;57,10%;78,43;8,24;4,12;0,75;1,48;0,44;0,79;1,1;1,11;0,5;0,15;0,06;0;0;0,79;2,04;2,04655;533,531375;39175,6067
Rio de Janeiro;Santos;8-LL-37D-RJS;8LL37DRJS;LULA;Petrobras;486100038862000;2019/02;23.049,1105;0,0000;23.049,1105;1.120,1919;0,0000;1.120,1919;17.755,43547;1.896,0998;FPSO CIDADE DE ITAGUAÍ;UEP;672;2015/07;Lula;31;< 270ºC;35,35%;270ºC a 458ºC;26,38%;> 458ºC;38,27%;71,18878;11,17027;6,90041;1,16554;2,13203;0,4341;0,47354;0,21106;0,06474;0,01789;0,01041;0;0;0;0,70426;5,52697;2,025098;531,062146;38716,2307
Rio de Janeiro;Santos;8-LL-81D-RJS;8LL81DRJS;LULA;Petrobras;486100038862000;2019/02;27.266,3648;0,0000;27.266,3648;1.224,2517;0,0000;1.224,2517;19.404,81889;455,5887;FPSO CIDADE DE SAQUAREMA;UEP;672;2015/07;Lula;31;< 270ºC;35,35%;270ºC a 458ºC;26,38%;> 458ºC;38,27%;71,18878;11,17027;6,90041;1,16554;2,13203;0,4341;0,47354;0,21106;0,06474;0,01789;0,01041;0;0;0;0,70426;5,52697;2,025098;531,062146;38716,2307
Rio de Janeiro;Santos;8-LL-87D-RJS;8LL87DRJS;LULA;Petrobras;486100038862000;2019/02;19.173,0106;0,0000;19.173,0106;638,7520;0,0000;638,7520;10.124,44331;0,0000;FPSO CIDADE DE MARICÁ;UEP;652;2015/07;Lula;31;< 270ºC;35,35%;270ºC a 458ºC;26,38%;> 458ºC;38,27%;71,18878;11,17027;6,90041;1,16554;2,13203;0,4341;0,47354;0,21106;0,06474;0,01789;0,01041;0;0;0;0,70426;5,52697;2,025098;531,062146;38716,2307
São Paulo;Santos;8-LPA-2D-SPS;8LPA2DSPS;LAPA;Total E&P do Brasil;486100038842000A;2019/02;12.883,8626;0,0000;12.883,8626;560,1687;0,0000;560,1687;14.639,49203;0,0000;FPSO CIDADE DE CARAGUATATUBA;UEP;672;2017/04;LAPA;23;< 290ºC;23,90%;290ºC a 380ºC;11,30%;> 380ºC;64,80%;50,35714;5,76966;5,15188;0,76369;1,40959;0,3777;0,41487;0,09763;0,02777;0,01594;0;0;0;0,16097;1,12751;34,32565;2,009546;529,19216;24929,7756
Rio de Janeiro;Santos;9-BRSA-1191-RJS;9RJS708;BÚZIOS;Petrobras;48610012913201000;2019/02;30.801,9290;0,0000;30.801,9290;1.083,4014;0,0000;1.083,4014;12.276,62866;30,8324;Petrobras 74 (P-74);UEP;539;2015/07;Búzios;28,4;< 270ºC;31,07%;270ºC a 458ºC;30,08%;> 458ºC;38,85%;48,75;10,676;8,406;1,531;3,382;0,791;1,181;0,759;0,444;0,243;0,302;0,189;0;0;0,292;23,054;2,053421;534,429234;30857,3741
Rio de Janeiro;Santos;9-BRSA-716-RJS;9RJS660;LULA;Petrobras;486100038862000;2019/02;1,4291;0,0000;1,4291;0,0970;0,0000;0,0970;1,53698;0,6629;FPSO CIDADE DE ANGRA DOS REIS;UEP;1;2015/07;Lula;31;< 270ºC;35,35%;270ºC a 458ºC;26,38%;> 458ºC;38,27%;71,18878;11,17027;6,90041;1,16554;2,13203;0,4341;0,47354;0,21106;0,06474;0,01789;0,01041;0;0;0;0,70426;5,52697;2,025098;531,062146;38716,2307
Rio de Janeiro;Santos;9-BRSA-908D-RJS;9RJS686D;LULA;Petrobras;486100038862000;2019/02;7.800,3611;0,0000;7.800,3611;713,1874;0,0000;713,1874;11.304,27096;0,0000;FPSO CIDADE DE ANGRA DOS REIS;UEP;662;2015/07;Lula;31;< 270ºC;35,35%;270ºC a 458ºC;26,38%;> 458ºC;38,27%;71,18878;11,17027;6,90041;1,16554;2,13203;0,4341;0,47354;0,21106;0,06474;0,01789;0,01041;0;0;0;0,70426;5,52697;2,025098;531,062146;38716,2307
São Paulo;Santos;9-BRSA-928-SPS;9SPS77A;SAPINHOÁ;Petrobras;486100038842000;2019/02;22.156,2151;0,0000;22.156,2151;877,0985;0,0000;877,0985;14.687,00974;1.639,6159;FPSO CIDADE DE SÃO PAULO;UEP;647;2018/11;Sapinhoá;30,1;< 270ºC;34,10%;270ºC a 458ºC;27,91%;> 458ºC;37,99%;70,40757;11,4576;9,16978;1,31006;2,28984;0,37572;0,39816;0,07168;0,01421;0,0054;0,0015;0;0;0;1,05059;3,44789;2,000271;528,090035;39620,2435
São Paulo;Santos;9-BRSA-928-SPS;9SPS77A;NORDESTE DE SAPINHOÁ;Petrobras;486100038842000;2019/02;60,5096;0,0000;60,5096;2,3954;0,0000;2,3954;40,11046;4,4777;FPSO CIDADE DE SÃO PAULO;UEP;647;2018/11;Sapinhoá;30,1;< 270ºC;34,10%;270ºC a 458ºC;27,91%;> 458ºC;37,99%;70,40757;11,4576;9,16978;1,31006;2,28984;0,37572;0,39816;0,07168;0,01421;0,0054;0,0015;0;0;0;1,05059;3,44789;2,000271;528,090035;39620,2435
São Paulo;Santos;9-BRSA-928-SPS;9SPS77A;NOROESTE DE SAPINHOA;Petrobras;486100038842000;2019/02;290,8146;0,0000;290,8146;11,5125;0,0000;11,5125;192,77607;21,5209;FPSO CIDADE DE SÃO PAULO;UEP;647;2018/11;Sapinhoá;30,1;< 270ºC;34,10%;270ºC a 458ºC;27,91%;> 458ºC;37,99%;70,40757;11,4576;9,16978;1,31006;2,28984;0,37572;0,39816;0,07168;0,01421;0,0054;0,0015;0;0;0;1,05059;3,44789;2,000271;528,090035;39620,2435
São Paulo;Santos;9-BRSA-928-SPS;9SPS77A;SUDOESTE DE SAPINHOÁ;Petrobras;486100038842000;2019/02;499,9527;0,0000;499,9527;19,7916;0,0000;19,7916;331,41047;36,9976;FPSO CIDADE DE SÃO PAULO;UEP;647;2018/11;Sapinhoá;30,1;< 270ºC;34,10%;270ºC a 458ºC;27,91%;> 458ºC;37,99%;70,40757;11,4576;9,16978;1,31006;2,28984;0,37572;0,39816;0,07168;0,01421;0,0054;0,0015;0;0;0;1,05059;3,44789;2,000271;528,090035;39620,2435
Rio de Janeiro;Santos;9-BUZ-1-RJS;9BUZ1RJS;BÚZIOS;Petrobras;48610012913201000;2019/02;7.895,5850;0,0000;7.895,5850;286,8368;0,0000;286,8368;3.250,30890;0,0000;Petrobras 76;UEP;204;2015/07;Búzios;28,4;< 270ºC;31,07%;270ºC a 458ºC;30,08%;> 458ºC;38,85%;48,75;10,676;8,406;1,531;3,382;0,791;1,181;0,759;0,444;0,243;0,302;0,189;0;0;0,292;23,054;2,053421;534,429234;30857,3741
Rio de Janeiro;Santos;9-BUZ-7-RJS;9BUZ7RJS;BÚZIOS;Petrobras;48610012913201000;2019/02;17.362,5791;0,0000;17.362,5791;628,7121;0,0000;628,7121;7.124,28975;0,0000;Petrobras 74 (P-74);UEP;615;2015/07;Búzios;28,4;< 270ºC;31,07%;270ºC a 458ºC;30,08%;> 458ºC;38,85%;48,75;10,676;8,406;1,531;3,382;0,791;1,181;0,759;0,444;0,243;0,302;0,189;0;0;0,292;23,054;2,053421;534,429234;30857,3741
Rio de Janeiro;Santos;9-LL-12D-RJS;9LL12DRJS;LULA;Petrobras;486100038862000;2019/02;30.376,7827;0,0000;30.376,7827;1.060,3295;0,0000;1.060,3295;16.806,59486;0,0000;FPSO CIDADE DE MARICÁ;UEP;662;2015/07;Lula;31;< 270ºC;35,35%;270ºC a 458ºC;26,38%;> 458ºC;38,27%;71,18878;11,17027;6,90041;1,16554;2,13203;0,4341;0,47354;0,21106;0,06474;0,01789;0,01041;0;0;0;0,70426;5,52697;2,025098;531,062146;38716,2307
Rio de Janeiro;Santos;9-LL-20D-RJS;9LL20DRJS;LULA;Petrobras;486100038862000;2019/02;29.219,9764;0,0000;29.219,9764;1.463,9505;0,0000;1.463,9505;23.204,12851;0,0000;FPSO CIDADE DE ITAGUAÍ;UEP;672;2015/07;Lula;31;< 270ºC;35,35%;270ºC a 458ºC;26,38%;> 458ºC;38,27%;71,18878;11,17027;6,90041;1,16554;2,13203;0,4341;0,47354;0,21106;0,06474;0,01789;0,01041;0;0;0;0,70426;5,52697;2,025098;531,062146;38716,2307
Rio de Janeiro;Santos;9-LL-2-RJS;9RJS681;LULA;Petrobras;486100038862000;2019/02;22.717,2417;0,0000;22.717,2417;1.442,7469;0,0000;1.442,7469;22.868,04412;0,0000;FPSO CIDADE DE MANGARATIBA;UEP;522;2015/07;Lula;31;< 270ºC;35,35%;270ºC a 458ºC;26,38%;> 458ºC;38,27%;71,18878;11,17027;6,90041;1,16554;2,13203;0,4341;0,47354;0,21106;0,06474;0,01789;0,01041;0;0;0;0,70426;5,52697;2,025098;531,062146;38716,2307
Rio de Janeiro;Santos;9-LL-7-RJS;9LL7RJS;LULA;Petrobras;486100038862000;2019/02;24.164,2543;0,0000;24.164,2543;940,4493;0,0000;940,4493;14.906,45192;16,8500;FPSO CIDADE DE SAQUAREMA;UEP;672;2015/07;Lula;31;< 270ºC;35,35%;270ºC a 458ºC;26,38%;> 458ºC;38,27%;71,18878;11,17027;6,90041;1,16554;2,13203;0,4341;0,47354;0,21106;0,06474;0,01789;0,01041;0;0;0;0,70426;5,52697;2,025098;531,062146;38716,2307
